grid_id;None
271.0;1122735.9151660877
250.0;2308939.371100233
213.0;1282.4305469785227
186.0;46525.376718589134
251.0;16317235.990315726
253.0;79734.83970853171
233.0;164516.6427516481
132.0;301223.74162347923
170.0;34421.9202609206
133.0;328892.0706574079
230.0;12449.11304142
172.0;11248.987899076472
231.0;79988.32156449863
211.0;725389.7513449006
